{
  "models": {
    "Naive": {
      "metrics": {
        "qpd": {
          "mae": 1.3649662785518866,
          "rmse": 4.130522557507097,
          "r2": 0.9855209608351503
        },
        "answer_rate": {
          "mae": 0.094898347452937,
          "rmse": 0.14079506695223767,
          "r2": 0.1821373080270603
        },
        "retention": {
          "mae": 0.0655826577479621,
          "rmse": 0.09932574045939008,
          "r2": 0.2582582045506907
        }
      },
      "mean": {
        "mae": 0.5084824279175952,
        "rmse": 1.456881121639575,
        "r2": 0.47530549113763376
      }
    },
    "Linear Regression": {
      "metrics": {
        "qpd": {
          "mae": 1.8042335607472877,
          "rmse": 4.854184339112502,
          "r2": 0.9800031183685541
        },
        "answer_rate": {
          "mae": 0.07900375551755612,
          "rmse": 0.11796895949112154,
          "r2": 0.42582931130958757
        },
        "retention": {
          "mae": 0.05317856677488957,
          "rmse": 0.07870985749610492,
          "r2": 0.5342129813243464
        }
      },
      "mean": {
        "mae": 0.6454719610132446,
        "rmse": 1.6836210520332429,
        "r2": 0.6466818036674961
      }
    },
    "Random Forest": {
      "metrics": {
        "qpd": {
          "mae": 1.8535282986445851,
          "rmse": 7.049489243015969,
          "r2": 0.9578259750458229
        },
        "answer_rate": {
          "mae": 0.07603129018449954,
          "rmse": 0.1096099335334875,
          "r2": 0.5043154881937844
        },
        "retention": {
          "mae": 0.053315318024716285,
          "rmse": 0.08013324810919406,
          "r2": 0.5172140509338881
        }
      },
      "mean": {
        "mae": 0.6609583022846003,
        "rmse": 2.4130774748862165,
        "r2": 0.6597851713911651
      }
    },
    "ARIMA": {
      "metrics": {
        "qpd": {
          "mae": 1.2083564754233547,
          "rmse": 2.489247492237544,
          "r2": 0.9947414512690679
        },
        "answer_rate": {
          "mae": 0.08332045871021705,
          "rmse": 0.12274906066788283,
          "r2": 0.3783558155946536
        },
        "retention": {
          "mae": 0.05412015379460908,
          "rmse": 0.08077401427008545,
          "r2": 0.509462219096092
        }
      },
      "mean": {
        "mae": 0.44859902930939355,
        "rmse": 0.8975901890585041,
        "r2": 0.6275198286532712
      }
    }
  },
  "metadata": {
    "train_samples": 1834,
    "val_samples": 338,
    "feature_dim": 124,
    "normalization": {
      "qpd": {
        "mean": 10.629192210922188,
        "std": 25.22906210538972
      },
      "answer_rate": {
        "mean": 0.4396241220099585,
        "std": 0.14522381225809797
      },
      "retention": {
        "mean": 0.29715402117670014,
        "std": 0.09913443271032393
      }
    }
  }
}