{
  "timestamp": "2025-12-09T14:56:53.986629",
  "val_results": {
    "qpd": {
      "mse": 68.87483994731856,
      "mae": 2.1806721722658966,
      "r2": 0.8913405309890713,
      "rmse": 8.299086693565657
    },
    "answer_rate": {
      "mse": 0.01287159841186011,
      "mae": 0.07695086770396045,
      "r2": 0.45952843827516854,
      "rmse": 0.11345306700067702
    },
    "retention": {
      "mse": 0.005549642801795369,
      "mae": 0.050323926041153634,
      "r2": 0.5471992718382406,
      "rmse": 0.07449592473280246
    },
    "growth": {
      "mse": 0.0,
      "mae": 0.0,
      "r2": 1.0,
      "rmse": 0.0
    },
    "overall": {
      "mse": 17.223315297133055,
      "mae": 0.5769867415027526,
      "r2": 0.7245170602756201,
      "rmse": 2.1217589213247843
    }
  },
  "test_results": {
    "qpd": {
      "mse": 7.793285082849372,
      "mae": 1.4815500030537336,
      "r2": 0.9801509600729809,
      "rmse": 2.7916455868984107
    },
    "answer_rate": {
      "mse": 0.017922306042882603,
      "mae": 0.09578672760553428,
      "r2": 0.30431326594695196,
      "rmse": 0.1338742172447055
    },
    "retention": {
      "mse": 0.014186101636487852,
      "mae": 0.0769994373146374,
      "r2": 0.277017636674844,
      "rmse": 0.11910542236392033
    },
    "growth": {
      "mse": 0.0,
      "mae": 0.0,
      "r2": 1.0,
      "rmse": 0.0
    },
    "overall": {
      "mse": 1.9563483726321858,
      "mae": 0.4135840419934763,
      "r2": 0.6403704656736942,
      "rmse": 0.7611563066267591
    }
  },
  "train_samples": 13359,
  "val_samples": 4484,
  "test_samples": 2006
}