{
  "models": {
    "Naive": {
      "metrics": {
        "qpd": {
          "mae": 1.3020019269398921,
          "rmse": 3.9827913692561108,
          "r2": 0.9822692307865345
        },
        "answer_rate": {
          "mae": 0.10736036072396578,
          "rmse": 0.17664332830292165,
          "r2": -0.12195910212674255
        },
        "retention": {
          "mae": 0.06177891280375336,
          "rmse": 0.09475179242207349,
          "r2": 0.2736313462065011
        }
      },
      "mean": {
        "mae": 0.4903804001558704,
        "rmse": 1.4180621633270354,
        "r2": 0.3779804916220977
      }
    },
    "Linear Regression": {
      "metrics": {
        "qpd": {
          "mae": 1.752245415447528,
          "rmse": 3.680244255656632,
          "r2": 0.9848607015935219
        },
        "answer_rate": {
          "mae": 0.09028544400383516,
          "rmse": 0.13736787441954945,
          "r2": 0.3214952311416134
        },
        "retention": {
          "mae": 0.055442824495069404,
          "rmse": 0.081583605191871,
          "r2": 0.461497143442236
        }
      },
      "mean": {
        "mae": 0.6326578946488108,
        "rmse": 1.2997319117560175,
        "r2": 0.5892843587257904
      }
    },
    "Random Forest": {
      "metrics": {
        "qpd": {
          "mae": 2.1789383362808135,
          "rmse": 12.820514559914482,
          "r2": 0.8162770649719006
        },
        "answer_rate": {
          "mae": 0.0917573792947411,
          "rmse": 0.14228247263153382,
          "r2": 0.272077144211334
        },
        "retention": {
          "mae": 0.05092886894465385,
          "rmse": 0.07423604444586425,
          "r2": 0.5541262839495222
        }
      },
      "mean": {
        "mae": 0.7738748615067362,
        "rmse": 4.345677692330627,
        "r2": 0.5474934977109189
      }
    },
    "ARIMA": {
      "metrics": {
        "qpd": {
          "mae": 1.5365764134998374,
          "rmse": 7.054982012308631,
          "r2": 0.9443654878796871
        },
        "answer_rate": {
          "mae": 0.09010112330921954,
          "rmse": 0.14017450043617302,
          "r2": 0.2934863090949186
        },
        "retention": {
          "mae": 0.052513740112203694,
          "rmse": 0.08222180167890322,
          "r2": 0.4530391982299291
        }
      },
      "mean": {
        "mae": 0.5597304256404202,
        "rmse": 2.4257927714745695,
        "r2": 0.5636303317348449
      }
    },
    "\u0394 Linear": {
      "metrics": {
        "qpd": {
          "mae": 1.745547643816347,
          "rmse": 3.5144734905400328,
          "r2": 0.9861938367001014
        },
        "answer_rate": {
          "mae": 0.09023226000235168,
          "rmse": 0.13729279783110468,
          "r2": 0.3222366840215163
        },
        "retention": {
          "mae": 0.05544009271879273,
          "rmse": 0.08156083112699904,
          "r2": 0.4617977476439339
        }
      },
      "mean": {
        "mae": 0.6304066655124972,
        "rmse": 1.2444423731660454,
        "r2": 0.5900760894551839
      }
    },
    "\u0394 Random Forest": {
      "metrics": {
        "qpd": {
          "mae": 1.3546670299881098,
          "rmse": 4.23020657634019,
          "r2": 0.9799978990665695
        },
        "answer_rate": {
          "mae": 0.09762871708306192,
          "rmse": 0.15542760727305016,
          "r2": 0.1313619073126574
        },
        "retention": {
          "mae": 0.054153413829318396,
          "rmse": 0.07863369353718946,
          "r2": 0.4997356252007036
        }
      },
      "mean": {
        "mae": 0.5021497203001634,
        "rmse": 1.4880892923834763,
        "r2": 0.5370318105266435
      }
    },
    "\u0394 ARIMA": {
      "metrics": {
        "qpd": {
          "mae": 1.8806496069752627,
          "rmse": 8.86482340865136,
          "r2": 0.9121599367798536
        },
        "answer_rate": {
          "mae": 0.11979958463532664,
          "rmse": 0.1838675987164344,
          "r2": -0.21560634045883198
        },
        "retention": {
          "mae": 0.06495095806160321,
          "rmse": 0.099320708372509,
          "r2": 0.20189167258095442
        }
      },
      "mean": {
        "mae": 0.6884667165573974,
        "rmse": 3.049337238580101,
        "r2": 0.2994817563006587
      }
    }
  },
  "metadata": {
    "train_samples": 1834,
    "val_samples": 338,
    "feature_dim": 124,
    "normalization": {
      "qpd": {
        "mean": 13.360901289792892,
        "std": 38.034395231290944
      },
      "answer_rate": {
        "mean": 0.44033902758469184,
        "std": 0.14892331783170318
      },
      "retention": {
        "mean": 0.29366599474053046,
        "std": 0.0974187883646291
      }
    },
    "delta_normalization": {
      "qpd": {
        "mean": 0.02877370683517819,
        "std": 5.423650405662992
      },
      "answer_rate": {
        "mean": -0.010120942815130495,
        "std": 0.12488705705881549
      },
      "retention": {
        "mean": -0.003041093288597382,
        "std": 0.07719711769392724
      }
    }
  }
}